{"cameraMode":{"drawMode":0,"name":"Shaded","section":"Shading Mode"},"sceneLighting":false,"audioPlay":false,"sceneViewState":{"m_AlwaysRefresh":true,"showFog":true,"showSkybox":false,"showFlares":true,"showImageEffects":true,"showParticleSystems":true,"showVisualEffectGraphs":true,"m_FxEnabled":true},"in2DMode":false,"pivot":{"x":190.77371215820313,"y":-12.907857894897461,"z":119.4781723022461},"rotation":{"x":0.15264803171157838,"y":0.8298795223236084,"z":-0.2748315930366516,"w":0.46094053983688357},"size":0.8660253882408142,"orthographic":false}