{"cameraMode":{"drawMode":0,"name":"Shaded","section":"Shading Mode"},"sceneLighting":false,"audioPlay":false,"sceneViewState":{"m_AlwaysRefresh":true,"showFog":true,"showSkybox":false,"showFlares":true,"showImageEffects":true,"showParticleSystems":true,"showVisualEffectGraphs":true,"m_FxEnabled":true},"in2DMode":false,"pivot":{"x":190.0907440185547,"y":-11.833517074584961,"z":118.55379486083985},"rotation":{"x":-0.0016974563477560878,"y":0.9893656373023987,"z":0.011574123986065388,"w":0.14497970044612885},"size":0.8660253882408142,"orthographic":false}