{"cameraMode":{"drawMode":0,"name":"Shaded","section":"Shading Mode"},"sceneLighting":true,"audioPlay":false,"sceneViewState":{"m_AlwaysRefresh":true,"showFog":true,"showSkybox":true,"showFlares":true,"showImageEffects":true,"showParticleSystems":true,"showVisualEffectGraphs":true,"m_FxEnabled":true},"in2DMode":false,"pivot":{"x":-413.1761169433594,"y":197.01803588867188,"z":-15.878829956054688},"rotation":{"x":0.17481040954589845,"y":0.3449704945087433,"z":-0.06556016206741333,"w":0.9198583960533142},"size":6.802373886108398,"orthographic":false}