{"cameraMode":{"drawMode":0,"name":"Shaded","section":"Shading Mode"},"sceneLighting":true,"audioPlay":false,"sceneViewState":{"m_AlwaysRefresh":true,"showFog":true,"showSkybox":true,"showFlares":true,"showImageEffects":true,"showParticleSystems":true,"showVisualEffectGraphs":true,"m_FxEnabled":true},"in2DMode":false,"pivot":{"x":-1.9280056953430176,"y":2.0609588623046877,"z":1.9487370252609254},"rotation":{"x":0.040374234318733218,"y":0.8104716539382935,"z":-0.056258056312799457,"w":0.5816712379455566},"size":2.462402582168579,"orthographic":false}