{"cameraMode":{"drawMode":0,"name":"Shaded","section":"Shading Mode"},"sceneLighting":true,"audioPlay":false,"sceneViewState":{"m_AlwaysRefresh":true,"showFog":true,"showSkybox":true,"showFlares":true,"showImageEffects":true,"showParticleSystems":true,"showVisualEffectGraphs":true,"m_FxEnabled":true},"in2DMode":false,"pivot":{"x":-8.114109992980957,"y":22.851648330688478,"z":49.509193420410159},"rotation":{"x":0.007071153726428747,"y":-0.18139120936393739,"z":-0.0013028804678469897,"w":-0.983392596244812},"size":2.797694206237793,"orthographic":false}