{"cameraMode":{"drawMode":0,"name":"Shaded","section":"Shading Mode"},"sceneLighting":false,"audioPlay":false,"sceneViewState":{"m_AlwaysRefresh":true,"showFog":true,"showSkybox":false,"showFlares":true,"showImageEffects":true,"showParticleSystems":true,"showVisualEffectGraphs":true,"m_FxEnabled":true},"in2DMode":false,"pivot":{"x":-0.0008916854858398438,"y":0.5751248598098755,"z":-1.101279854774475},"rotation":{"x":0.1719386875629425,"y":0.007677714340388775,"z":-0.001341592171229422,"w":0.9850814342498779},"size":0.8660253882408142,"orthographic":false}